step,phase,val_mixed_direct_accuracy,val_mixed_executor_accuracy,val_mixed_init_accuracy,val_mixed_op_accuracy,val_mixed_arg_accuracy,val_mixed_program_exact,val_mixed_state_accuracy,val_mixed_state_prefix_fraction,val_mixed_repair_executor_accuracy,val_mixed_repair_program_exact,val_mixed_repair_state_accuracy,val_mixed_repair_state_prefix_fraction,val_mixed_repair_found_fraction,val_mixed_repair_changed_fraction,val_mixed_repair_avg_candidates,val_mixed_repair_avg_verified,val_mixed_domain_arithmetic_n,val_mixed_domain_arithmetic_executor_accuracy,val_mixed_domain_arithmetic_direct_accuracy,val_mixed_domain_arithmetic_repair_executor_accuracy,val_mixed_domain_calendar_n,val_mixed_domain_calendar_executor_accuracy,val_mixed_domain_calendar_direct_accuracy,val_mixed_domain_calendar_repair_executor_accuracy,val_mixed_domain_unit_n,val_mixed_domain_unit_executor_accuracy,val_mixed_domain_unit_direct_accuracy,val_mixed_domain_unit_repair_executor_accuracy,val_mixed_domain_list_n,val_mixed_domain_list_executor_accuracy,val_mixed_domain_list_direct_accuracy,val_mixed_domain_list_repair_executor_accuracy,val_mixed_domain_boolean_n,val_mixed_domain_boolean_executor_accuracy,val_mixed_domain_boolean_direct_accuracy,val_mixed_domain_boolean_repair_executor_accuracy,val_mixed_domain_lookup_n,val_mixed_domain_lookup_executor_accuracy,val_mixed_domain_lookup_direct_accuracy,val_mixed_domain_lookup_repair_executor_accuracy,fresh_standard_mixed_direct_accuracy,fresh_standard_mixed_executor_accuracy,fresh_standard_mixed_init_accuracy,fresh_standard_mixed_op_accuracy,fresh_standard_mixed_arg_accuracy,fresh_standard_mixed_program_exact,fresh_standard_mixed_state_accuracy,fresh_standard_mixed_state_prefix_fraction,fresh_standard_mixed_repair_executor_accuracy,fresh_standard_mixed_repair_program_exact,fresh_standard_mixed_repair_state_accuracy,fresh_standard_mixed_repair_state_prefix_fraction,fresh_standard_mixed_repair_found_fraction,fresh_standard_mixed_repair_changed_fraction,fresh_standard_mixed_repair_avg_candidates,fresh_standard_mixed_repair_avg_verified,fresh_standard_mixed_domain_arithmetic_n,fresh_standard_mixed_domain_arithmetic_executor_accuracy,fresh_standard_mixed_domain_arithmetic_direct_accuracy,fresh_standard_mixed_domain_arithmetic_repair_executor_accuracy,fresh_standard_mixed_domain_calendar_n,fresh_standard_mixed_domain_calendar_executor_accuracy,fresh_standard_mixed_domain_calendar_direct_accuracy,fresh_standard_mixed_domain_calendar_repair_executor_accuracy,fresh_standard_mixed_domain_unit_n,fresh_standard_mixed_domain_unit_executor_accuracy,fresh_standard_mixed_domain_unit_direct_accuracy,fresh_standard_mixed_domain_unit_repair_executor_accuracy,fresh_standard_mixed_domain_list_n,fresh_standard_mixed_domain_list_executor_accuracy,fresh_standard_mixed_domain_list_direct_accuracy,fresh_standard_mixed_domain_list_repair_executor_accuracy,fresh_standard_mixed_domain_boolean_n,fresh_standard_mixed_domain_boolean_executor_accuracy,fresh_standard_mixed_domain_boolean_direct_accuracy,fresh_standard_mixed_domain_boolean_repair_executor_accuracy,fresh_standard_mixed_domain_lookup_n,fresh_standard_mixed_domain_lookup_executor_accuracy,fresh_standard_mixed_domain_lookup_direct_accuracy,fresh_standard_mixed_domain_lookup_repair_executor_accuracy,fresh_paraphrase_mixed_direct_accuracy,fresh_paraphrase_mixed_executor_accuracy,fresh_paraphrase_mixed_init_accuracy,fresh_paraphrase_mixed_op_accuracy,fresh_paraphrase_mixed_arg_accuracy,fresh_paraphrase_mixed_program_exact,fresh_paraphrase_mixed_state_accuracy,fresh_paraphrase_mixed_state_prefix_fraction,fresh_paraphrase_mixed_repair_executor_accuracy,fresh_paraphrase_mixed_repair_program_exact,fresh_paraphrase_mixed_repair_state_accuracy,fresh_paraphrase_mixed_repair_state_prefix_fraction,fresh_paraphrase_mixed_repair_found_fraction,fresh_paraphrase_mixed_repair_changed_fraction,fresh_paraphrase_mixed_repair_avg_candidates,fresh_paraphrase_mixed_repair_avg_verified,fresh_paraphrase_mixed_domain_arithmetic_n,fresh_paraphrase_mixed_domain_arithmetic_executor_accuracy,fresh_paraphrase_mixed_domain_arithmetic_direct_accuracy,fresh_paraphrase_mixed_domain_arithmetic_repair_executor_accuracy,fresh_paraphrase_mixed_domain_calendar_n,fresh_paraphrase_mixed_domain_calendar_executor_accuracy,fresh_paraphrase_mixed_domain_calendar_direct_accuracy,fresh_paraphrase_mixed_domain_calendar_repair_executor_accuracy,fresh_paraphrase_mixed_domain_unit_n,fresh_paraphrase_mixed_domain_unit_executor_accuracy,fresh_paraphrase_mixed_domain_unit_direct_accuracy,fresh_paraphrase_mixed_domain_unit_repair_executor_accuracy,fresh_paraphrase_mixed_domain_list_n,fresh_paraphrase_mixed_domain_list_executor_accuracy,fresh_paraphrase_mixed_domain_list_direct_accuracy,fresh_paraphrase_mixed_domain_list_repair_executor_accuracy,fresh_paraphrase_mixed_domain_boolean_n,fresh_paraphrase_mixed_domain_boolean_executor_accuracy,fresh_paraphrase_mixed_domain_boolean_direct_accuracy,fresh_paraphrase_mixed_domain_boolean_repair_executor_accuracy,fresh_paraphrase_mixed_domain_lookup_n,fresh_paraphrase_mixed_domain_lookup_executor_accuracy,fresh_paraphrase_mixed_domain_lookup_direct_accuracy,fresh_paraphrase_mixed_domain_lookup_repair_executor_accuracy,fresh_paired_mixed_direct_accuracy,fresh_paired_mixed_executor_accuracy,fresh_paired_mixed_init_accuracy,fresh_paired_mixed_op_accuracy,fresh_paired_mixed_arg_accuracy,fresh_paired_mixed_program_exact,fresh_paired_mixed_state_accuracy,fresh_paired_mixed_state_prefix_fraction,fresh_paired_mixed_repair_executor_accuracy,fresh_paired_mixed_repair_program_exact,fresh_paired_mixed_repair_state_accuracy,fresh_paired_mixed_repair_state_prefix_fraction,fresh_paired_mixed_repair_found_fraction,fresh_paired_mixed_repair_changed_fraction,fresh_paired_mixed_repair_avg_candidates,fresh_paired_mixed_repair_avg_verified,fresh_paired_mixed_domain_arithmetic_n,fresh_paired_mixed_domain_arithmetic_executor_accuracy,fresh_paired_mixed_domain_arithmetic_direct_accuracy,fresh_paired_mixed_domain_arithmetic_repair_executor_accuracy,fresh_paired_mixed_domain_calendar_n,fresh_paired_mixed_domain_calendar_executor_accuracy,fresh_paired_mixed_domain_calendar_direct_accuracy,fresh_paired_mixed_domain_calendar_repair_executor_accuracy,fresh_paired_mixed_domain_unit_n,fresh_paired_mixed_domain_unit_executor_accuracy,fresh_paired_mixed_domain_unit_direct_accuracy,fresh_paired_mixed_domain_unit_repair_executor_accuracy,fresh_paired_mixed_domain_list_n,fresh_paired_mixed_domain_list_executor_accuracy,fresh_paired_mixed_domain_list_direct_accuracy,fresh_paired_mixed_domain_list_repair_executor_accuracy,fresh_paired_mixed_domain_boolean_n,fresh_paired_mixed_domain_boolean_executor_accuracy,fresh_paired_mixed_domain_boolean_direct_accuracy,fresh_paired_mixed_domain_boolean_repair_executor_accuracy,fresh_paired_mixed_domain_lookup_n,fresh_paired_mixed_domain_lookup_executor_accuracy,fresh_paired_mixed_domain_lookup_direct_accuracy,fresh_paired_mixed_domain_lookup_repair_executor_accuracy,fresh_paired_mixed_executor_pair_answer_consistency,fresh_paired_mixed_executor_pair_both_correct,fresh_paired_mixed_compiler_pair_program_consistency,fresh_paired_mixed_compiler_pair_state_consistency,fresh_paired_mixed_repair_pair_answer_consistency,fresh_paired_mixed_repair_pair_both_correct,fresh_paired_mixed_repair_pair_state_consistency,hard_standard_mixed_direct_accuracy,hard_standard_mixed_executor_accuracy,hard_standard_mixed_init_accuracy,hard_standard_mixed_op_accuracy,hard_standard_mixed_arg_accuracy,hard_standard_mixed_program_exact,hard_standard_mixed_state_accuracy,hard_standard_mixed_state_prefix_fraction,hard_standard_mixed_repair_executor_accuracy,hard_standard_mixed_repair_program_exact,hard_standard_mixed_repair_state_accuracy,hard_standard_mixed_repair_state_prefix_fraction,hard_standard_mixed_repair_found_fraction,hard_standard_mixed_repair_changed_fraction,hard_standard_mixed_repair_avg_candidates,hard_standard_mixed_repair_avg_verified,hard_standard_mixed_domain_arithmetic_n,hard_standard_mixed_domain_arithmetic_executor_accuracy,hard_standard_mixed_domain_arithmetic_direct_accuracy,hard_standard_mixed_domain_arithmetic_repair_executor_accuracy,hard_standard_mixed_domain_calendar_n,hard_standard_mixed_domain_calendar_executor_accuracy,hard_standard_mixed_domain_calendar_direct_accuracy,hard_standard_mixed_domain_calendar_repair_executor_accuracy,hard_standard_mixed_domain_unit_n,hard_standard_mixed_domain_unit_executor_accuracy,hard_standard_mixed_domain_unit_direct_accuracy,hard_standard_mixed_domain_unit_repair_executor_accuracy,hard_standard_mixed_domain_list_n,hard_standard_mixed_domain_list_executor_accuracy,hard_standard_mixed_domain_list_direct_accuracy,hard_standard_mixed_domain_list_repair_executor_accuracy,hard_standard_mixed_domain_boolean_n,hard_standard_mixed_domain_boolean_executor_accuracy,hard_standard_mixed_domain_boolean_direct_accuracy,hard_standard_mixed_domain_boolean_repair_executor_accuracy,hard_standard_mixed_domain_lookup_n,hard_standard_mixed_domain_lookup_executor_accuracy,hard_standard_mixed_domain_lookup_direct_accuracy,hard_standard_mixed_domain_lookup_repair_executor_accuracy,hard_paraphrase_mixed_direct_accuracy,hard_paraphrase_mixed_executor_accuracy,hard_paraphrase_mixed_init_accuracy,hard_paraphrase_mixed_op_accuracy,hard_paraphrase_mixed_arg_accuracy,hard_paraphrase_mixed_program_exact,hard_paraphrase_mixed_state_accuracy,hard_paraphrase_mixed_state_prefix_fraction,hard_paraphrase_mixed_repair_executor_accuracy,hard_paraphrase_mixed_repair_program_exact,hard_paraphrase_mixed_repair_state_accuracy,hard_paraphrase_mixed_repair_state_prefix_fraction,hard_paraphrase_mixed_repair_found_fraction,hard_paraphrase_mixed_repair_changed_fraction,hard_paraphrase_mixed_repair_avg_candidates,hard_paraphrase_mixed_repair_avg_verified,hard_paraphrase_mixed_domain_arithmetic_n,hard_paraphrase_mixed_domain_arithmetic_executor_accuracy,hard_paraphrase_mixed_domain_arithmetic_direct_accuracy,hard_paraphrase_mixed_domain_arithmetic_repair_executor_accuracy,hard_paraphrase_mixed_domain_calendar_n,hard_paraphrase_mixed_domain_calendar_executor_accuracy,hard_paraphrase_mixed_domain_calendar_direct_accuracy,hard_paraphrase_mixed_domain_calendar_repair_executor_accuracy,hard_paraphrase_mixed_domain_unit_n,hard_paraphrase_mixed_domain_unit_executor_accuracy,hard_paraphrase_mixed_domain_unit_direct_accuracy,hard_paraphrase_mixed_domain_unit_repair_executor_accuracy,hard_paraphrase_mixed_domain_list_n,hard_paraphrase_mixed_domain_list_executor_accuracy,hard_paraphrase_mixed_domain_list_direct_accuracy,hard_paraphrase_mixed_domain_list_repair_executor_accuracy,hard_paraphrase_mixed_domain_boolean_n,hard_paraphrase_mixed_domain_boolean_executor_accuracy,hard_paraphrase_mixed_domain_boolean_direct_accuracy,hard_paraphrase_mixed_domain_boolean_repair_executor_accuracy,hard_paraphrase_mixed_domain_lookup_n,hard_paraphrase_mixed_domain_lookup_executor_accuracy,hard_paraphrase_mixed_domain_lookup_direct_accuracy,hard_paraphrase_mixed_domain_lookup_repair_executor_accuracy,harder_standard_mixed_direct_accuracy,harder_standard_mixed_executor_accuracy,harder_standard_mixed_init_accuracy,harder_standard_mixed_op_accuracy,harder_standard_mixed_arg_accuracy,harder_standard_mixed_program_exact,harder_standard_mixed_state_accuracy,harder_standard_mixed_state_prefix_fraction,harder_standard_mixed_repair_executor_accuracy,harder_standard_mixed_repair_program_exact,harder_standard_mixed_repair_state_accuracy,harder_standard_mixed_repair_state_prefix_fraction,harder_standard_mixed_repair_found_fraction,harder_standard_mixed_repair_changed_fraction,harder_standard_mixed_repair_avg_candidates,harder_standard_mixed_repair_avg_verified,harder_standard_mixed_domain_arithmetic_n,harder_standard_mixed_domain_arithmetic_executor_accuracy,harder_standard_mixed_domain_arithmetic_direct_accuracy,harder_standard_mixed_domain_arithmetic_repair_executor_accuracy,harder_standard_mixed_domain_calendar_n,harder_standard_mixed_domain_calendar_executor_accuracy,harder_standard_mixed_domain_calendar_direct_accuracy,harder_standard_mixed_domain_calendar_repair_executor_accuracy,harder_standard_mixed_domain_unit_n,harder_standard_mixed_domain_unit_executor_accuracy,harder_standard_mixed_domain_unit_direct_accuracy,harder_standard_mixed_domain_unit_repair_executor_accuracy,harder_standard_mixed_domain_list_n,harder_standard_mixed_domain_list_executor_accuracy,harder_standard_mixed_domain_list_direct_accuracy,harder_standard_mixed_domain_list_repair_executor_accuracy,harder_standard_mixed_domain_boolean_n,harder_standard_mixed_domain_boolean_executor_accuracy,harder_standard_mixed_domain_boolean_direct_accuracy,harder_standard_mixed_domain_boolean_repair_executor_accuracy,harder_standard_mixed_domain_lookup_n,harder_standard_mixed_domain_lookup_executor_accuracy,harder_standard_mixed_domain_lookup_direct_accuracy,harder_standard_mixed_domain_lookup_repair_executor_accuracy,harder_paraphrase_mixed_direct_accuracy,harder_paraphrase_mixed_executor_accuracy,harder_paraphrase_mixed_init_accuracy,harder_paraphrase_mixed_op_accuracy,harder_paraphrase_mixed_arg_accuracy,harder_paraphrase_mixed_program_exact,harder_paraphrase_mixed_state_accuracy,harder_paraphrase_mixed_state_prefix_fraction,harder_paraphrase_mixed_repair_executor_accuracy,harder_paraphrase_mixed_repair_program_exact,harder_paraphrase_mixed_repair_state_accuracy,harder_paraphrase_mixed_repair_state_prefix_fraction,harder_paraphrase_mixed_repair_found_fraction,harder_paraphrase_mixed_repair_changed_fraction,harder_paraphrase_mixed_repair_avg_candidates,harder_paraphrase_mixed_repair_avg_verified,harder_paraphrase_mixed_domain_arithmetic_n,harder_paraphrase_mixed_domain_arithmetic_executor_accuracy,harder_paraphrase_mixed_domain_arithmetic_direct_accuracy,harder_paraphrase_mixed_domain_arithmetic_repair_executor_accuracy,harder_paraphrase_mixed_domain_calendar_n,harder_paraphrase_mixed_domain_calendar_executor_accuracy,harder_paraphrase_mixed_domain_calendar_direct_accuracy,harder_paraphrase_mixed_domain_calendar_repair_executor_accuracy,harder_paraphrase_mixed_domain_unit_n,harder_paraphrase_mixed_domain_unit_executor_accuracy,harder_paraphrase_mixed_domain_unit_direct_accuracy,harder_paraphrase_mixed_domain_unit_repair_executor_accuracy,harder_paraphrase_mixed_domain_list_n,harder_paraphrase_mixed_domain_list_executor_accuracy,harder_paraphrase_mixed_domain_list_direct_accuracy,harder_paraphrase_mixed_domain_list_repair_executor_accuracy,harder_paraphrase_mixed_domain_boolean_n,harder_paraphrase_mixed_domain_boolean_executor_accuracy,harder_paraphrase_mixed_domain_boolean_direct_accuracy,harder_paraphrase_mixed_domain_boolean_repair_executor_accuracy,harder_paraphrase_mixed_domain_lookup_n,harder_paraphrase_mixed_domain_lookup_executor_accuracy,harder_paraphrase_mixed_domain_lookup_direct_accuracy,harder_paraphrase_mixed_domain_lookup_repair_executor_accuracy,domain_arithmetic_direct_accuracy,domain_arithmetic_executor_accuracy,domain_arithmetic_init_accuracy,domain_arithmetic_op_accuracy,domain_arithmetic_arg_accuracy,domain_arithmetic_program_exact,domain_arithmetic_state_accuracy,domain_arithmetic_state_prefix_fraction,domain_arithmetic_repair_executor_accuracy,domain_arithmetic_repair_program_exact,domain_arithmetic_repair_state_accuracy,domain_arithmetic_repair_state_prefix_fraction,domain_arithmetic_repair_found_fraction,domain_arithmetic_repair_changed_fraction,domain_arithmetic_repair_avg_candidates,domain_arithmetic_repair_avg_verified,domain_arithmetic_domain_arithmetic_n,domain_arithmetic_domain_arithmetic_executor_accuracy,domain_arithmetic_domain_arithmetic_direct_accuracy,domain_arithmetic_domain_arithmetic_repair_executor_accuracy,domain_calendar_direct_accuracy,domain_calendar_executor_accuracy,domain_calendar_init_accuracy,domain_calendar_op_accuracy,domain_calendar_arg_accuracy,domain_calendar_program_exact,domain_calendar_state_accuracy,domain_calendar_state_prefix_fraction,domain_calendar_repair_executor_accuracy,domain_calendar_repair_program_exact,domain_calendar_repair_state_accuracy,domain_calendar_repair_state_prefix_fraction,domain_calendar_repair_found_fraction,domain_calendar_repair_changed_fraction,domain_calendar_repair_avg_candidates,domain_calendar_repair_avg_verified,domain_calendar_domain_calendar_n,domain_calendar_domain_calendar_executor_accuracy,domain_calendar_domain_calendar_direct_accuracy,domain_calendar_domain_calendar_repair_executor_accuracy,domain_unit_direct_accuracy,domain_unit_executor_accuracy,domain_unit_init_accuracy,domain_unit_op_accuracy,domain_unit_arg_accuracy,domain_unit_program_exact,domain_unit_state_accuracy,domain_unit_state_prefix_fraction,domain_unit_repair_executor_accuracy,domain_unit_repair_program_exact,domain_unit_repair_state_accuracy,domain_unit_repair_state_prefix_fraction,domain_unit_repair_found_fraction,domain_unit_repair_changed_fraction,domain_unit_repair_avg_candidates,domain_unit_repair_avg_verified,domain_unit_domain_unit_n,domain_unit_domain_unit_executor_accuracy,domain_unit_domain_unit_direct_accuracy,domain_unit_domain_unit_repair_executor_accuracy,domain_list_direct_accuracy,domain_list_executor_accuracy,domain_list_init_accuracy,domain_list_op_accuracy,domain_list_arg_accuracy,domain_list_program_exact,domain_list_state_accuracy,domain_list_state_prefix_fraction,domain_list_repair_executor_accuracy,domain_list_repair_program_exact,domain_list_repair_state_accuracy,domain_list_repair_state_prefix_fraction,domain_list_repair_found_fraction,domain_list_repair_changed_fraction,domain_list_repair_avg_candidates,domain_list_repair_avg_verified,domain_list_domain_list_n,domain_list_domain_list_executor_accuracy,domain_list_domain_list_direct_accuracy,domain_list_domain_list_repair_executor_accuracy,domain_boolean_direct_accuracy,domain_boolean_executor_accuracy,domain_boolean_init_accuracy,domain_boolean_op_accuracy,domain_boolean_arg_accuracy,domain_boolean_program_exact,domain_boolean_state_accuracy,domain_boolean_state_prefix_fraction,domain_boolean_repair_executor_accuracy,domain_boolean_repair_program_exact,domain_boolean_repair_state_accuracy,domain_boolean_repair_state_prefix_fraction,domain_boolean_repair_found_fraction,domain_boolean_repair_changed_fraction,domain_boolean_repair_avg_candidates,domain_boolean_repair_avg_verified,domain_boolean_domain_boolean_n,domain_boolean_domain_boolean_executor_accuracy,domain_boolean_domain_boolean_direct_accuracy,domain_boolean_domain_boolean_repair_executor_accuracy,domain_lookup_direct_accuracy,domain_lookup_executor_accuracy,domain_lookup_init_accuracy,domain_lookup_op_accuracy,domain_lookup_arg_accuracy,domain_lookup_program_exact,domain_lookup_state_accuracy,domain_lookup_state_prefix_fraction,domain_lookup_repair_executor_accuracy,domain_lookup_repair_program_exact,domain_lookup_repair_state_accuracy,domain_lookup_repair_state_prefix_fraction,domain_lookup_repair_found_fraction,domain_lookup_repair_changed_fraction,domain_lookup_repair_avg_candidates,domain_lookup_repair_avg_verified,domain_lookup_domain_lookup_n,domain_lookup_domain_lookup_executor_accuracy,domain_lookup_domain_lookup_direct_accuracy,domain_lookup_domain_lookup_repair_executor_accuracy,stage_max_len,loss,init_loss,op_loss,arg_loss,init_attn_loss,op_attn_loss,arg_attn_loss,role_loss,executor_loss,state_loss,state_train_accuracy,round,epoch,target_source_n,target_active_fraction,target_repair_found_fraction,target_repair_changed_fraction,target_program_exact_fraction,target_avg_candidates,target_avg_verified,target_source_repair,target_source_gold,target_source_gold_fallback,target_source_base_fallback,target_source_skipped,trained_batches,repair_init_loss,repair_op_loss,repair_arg_loss,gold_trace_loss,gold_init_loss,gold_op_loss,gold_arg_loss,gold_selection_loss,gold_init_attn_loss,gold_op_attn_loss,gold_arg_attn_loss,gold_role_loss
0,baseline,0.13194444444444445,0.20833333333333334,0.14583333333333334,0.6759259259259259,0.3761574074074074,0.0,0.1550925925925926,0.07060185185185185,0.2777777777777778,0.0,0.2152777777777778,0.1550925925925926,0.13194444444444445,0.125,339.0,0.7638888888888888,24.0,0.0,0.0,0.041666666666666664,24.0,0.16666666666666666,0.20833333333333334,0.20833333333333334,24.0,0.041666666666666664,0.0,0.08333333333333333,24.0,0.5,0.0,0.7916666666666666,24.0,0.5,0.5833333333333334,0.5,24.0,0.041666666666666664,0.0,0.041666666666666664,0.10416666666666667,0.23958333333333334,0.11458333333333333,0.6961805555555556,0.3862847222222222,0.0,0.1918402777777778,0.08680555555555555,0.3125,0.0,0.2630208333333333,0.1996527777777778,0.16666666666666666,0.140625,339.0,1.6041666666666667,32.0,0.0,0.03125,0.0,32.0,0.125,0.1875,0.1875,32.0,0.0,0.0,0.09375,32.0,0.65625,0.0,0.9375,32.0,0.65625,0.40625,0.65625,32.0,0.0,0.0,0.0,0.13020833333333334,0.22916666666666666,0.140625,0.6623263888888888,0.3923611111111111,0.0,0.14322916666666666,0.057291666666666664,0.296875,0.0,0.20572916666666666,0.1501736111111111,0.125,0.11979166666666667,339.0,0.7447916666666666,32.0,0.0,0.0,0.0,32.0,0.1875,0.15625,0.375,32.0,0.0,0.03125,0.03125,32.0,0.59375,0.0,0.78125,32.0,0.5,0.59375,0.5,32.0,0.09375,0.0,0.09375,0.1171875,0.234375,0.125,0.67578125,0.39453125,0.0,0.16471354166666666,0.07942708333333333,0.28515625,0.0078125,0.21744791666666666,0.158203125,0.125,0.11328125,339.0,1.10546875,44.0,0.0,0.0,0.022727272727272728,44.0,0.20454545454545456,0.022727272727272728,0.2727272727272727,42.0,0.0,0.0,0.047619047619047616,42.0,0.7142857142857143,0.0,0.8809523809523809,42.0,0.47619047619047616,0.6428571428571429,0.47619047619047616,42.0,0.023809523809523808,0.047619047619047616,0.023809523809523808,0.484375,0.2109375,0.2109375,0.265625,0.4921875,0.25,0.296875,0.125,0.22395833333333334,0.13020833333333334,0.6373697916666666,0.3118489583333333,0.0,0.14192708333333334,0.0546875,0.23958333333333334,0.0,0.15559895833333334,0.07877604166666667,0.036458333333333336,0.036458333333333336,579.0,0.171875,32.0,0.0625,0.03125,0.0625,32.0,0.125,0.15625,0.125,32.0,0.03125,0.0,0.03125,32.0,0.6875,0.0,0.78125,32.0,0.34375,0.5625,0.34375,32.0,0.09375,0.0,0.09375,0.11458333333333333,0.21875,0.06770833333333333,0.6204427083333334,0.306640625,0.0,0.126953125,0.049479166666666664,0.22395833333333334,0.0,0.13736979166666666,0.06966145833333333,0.026041666666666668,0.026041666666666668,579.0,0.046875,32.0,0.03125,0.0,0.03125,32.0,0.09375,0.09375,0.09375,32.0,0.0,0.0,0.0,32.0,0.6875,0.0,0.71875,32.0,0.46875,0.59375,0.46875,32.0,0.03125,0.0,0.03125,0.09895833333333333,0.22916666666666666,0.078125,0.6088541666666667,0.2942708333333333,0.0,0.12447916666666667,0.049479166666666664,0.23958333333333334,0.0,0.13177083333333334,0.058854166666666666,0.010416666666666666,0.010416666666666666,883.0,0.010416666666666666,32.0,0.0,0.0,0.0,32.0,0.09375,0.0625,0.09375,32.0,0.0,0.0,0.0,32.0,0.5625,0.03125,0.625,32.0,0.5625,0.4375,0.5625,32.0,0.15625,0.0625,0.15625,0.13541666666666666,0.20833333333333334,0.08854166666666667,0.5765625,0.2911458333333333,0.0,0.11979166666666667,0.03802083333333333,0.21354166666666666,0.0,0.12447916666666667,0.042708333333333334,0.005208333333333333,0.005208333333333333,883.0,0.015625,32.0,0.0,0.03125,0.0,32.0,0.1875,0.15625,0.1875,32.0,0.0,0.03125,0.0,32.0,0.5,0.0,0.53125,32.0,0.40625,0.59375,0.40625,32.0,0.15625,0.0,0.15625,0.0,0.0,0.125,0.6770833333333334,0.4010416666666667,0.0,0.026041666666666668,0.026041666666666668,0.0,0.0,0.026041666666666668,0.026041666666666668,0.0,0.0,339.0,0.0,32.0,0.0,0.0,0.0,0.0625,0.125,0.0625,0.7916666666666666,0.421875,0.0,0.125,0.041666666666666664,0.28125,0.0,0.2604166666666667,0.17708333333333334,0.15625,0.15625,339.0,0.1875,32.0,0.125,0.0625,0.28125,0.0,0.0,0.0625,0.7239583333333334,0.4947916666666667,0.0,0.046875,0.03125,0.03125,0.0,0.078125,0.0625,0.03125,0.03125,339.0,0.03125,32.0,0.0,0.0,0.03125,0.0,0.625,0.0625,0.8177083333333334,0.5260416666666666,0.0,0.4895833333333333,0.3125,0.78125,0.0,0.6770833333333334,0.609375,0.5625,0.46875,339.0,9.3125,32.0,0.625,0.0,0.78125,0.40625,0.5,0.15625,0.640625,0.4427083333333333,0.0,0.13541666666666666,0.036458333333333336,0.5,0.0,0.140625,0.046875,0.03125,0.03125,339.0,0.0625,32.0,0.5,0.40625,0.5,0.0,0.0,0.0,0.3489583333333333,0.052083333333333336,0.0,0.078125,0.036458333333333336,0.0,0.0,0.078125,0.036458333333333336,0.0,0.0,339.0,0.0,32.0,0.0,0.0,0.0,,,,,,,,,,,,,,,,,,,,,,,,,,,,,,,,,,,,,,,
70,curriculum_train,,,,,,,,,,,,,,,,,,,,,,,,,,,,,,,,,,,,,,,,,,,,,,,,,,,,,,,,,,,,,,,,,,,,,,,,,,,,,,,,,,,,,,,,,,,,,,,,,,,,,,,,,,,,,,,,,,,,,,,,,,,,,,,,,,,,,,,,,,,,,,,,,,,,,,,,,,,,,,,,,,,,,,,,,,,,,,,,,,,,,,,,,,,,,,,,,,,,,,,,,,,,,,,,,,,,,,,,,,,,,,,,,,,,,,,,,,,,,,,,,,,,,,,,,,,,,,,,,,,,,,,,,,,,,,,,,,,,,,,,,,,,,,,,,,,,,,,,,,,,,,,,,,,,,,,,,,,,,,,,,,,,,,,,,,,,,,,,,,,,,,,,,,,,,,,,,,,,,,,,,,,,,,,,,,,,,,,,,,,,,,,,,,,,,,,,,,,,,,,,,,,,,,,,,,,,,,,,,,,,,,,,,,,,,,,,,,,,,,,,,,,,,,,,4,9.256810188293457,0.00010305110481567681,0.3282236158847809,0.5406915545463562,0.42130187153816223,1.9897851943969727,0.7660139203071594,0.6987031698226929,2.550363779067993,1.6297979354858398,0.8333333730697632,,,,,,,,,,,,,,,,,,,,,,,,,,,
140,curriculum_train,,,,,,,,,,,,,,,,,,,,,,,,,,,,,,,,,,,,,,,,,,,,,,,,,,,,,,,,,,,,,,,,,,,,,,,,,,,,,,,,,,,,,,,,,,,,,,,,,,,,,,,,,,,,,,,,,,,,,,,,,,,,,,,,,,,,,,,,,,,,,,,,,,,,,,,,,,,,,,,,,,,,,,,,,,,,,,,,,,,,,,,,,,,,,,,,,,,,,,,,,,,,,,,,,,,,,,,,,,,,,,,,,,,,,,,,,,,,,,,,,,,,,,,,,,,,,,,,,,,,,,,,,,,,,,,,,,,,,,,,,,,,,,,,,,,,,,,,,,,,,,,,,,,,,,,,,,,,,,,,,,,,,,,,,,,,,,,,,,,,,,,,,,,,,,,,,,,,,,,,,,,,,,,,,,,,,,,,,,,,,,,,,,,,,,,,,,,,,,,,,,,,,,,,,,,,,,,,,,,,,,,,,,,,,,,,,,,,,,,,,,,,,,,,4,6.906964302062988,7.712526712566614e-05,0.24255125224590302,0.5715084075927734,0.007503505330532789,0.9396575093269348,0.6122553944587708,0.5837895274162292,1.7062608003616333,1.1369341611862183,0.7142857313156128,,,,,,,,,,,,,,,,,,,,,,,,,,,
210,curriculum_train,,,,,,,,,,,,,,,,,,,,,,,,,,,,,,,,,,,,,,,,,,,,,,,,,,,,,,,,,,,,,,,,,,,,,,,,,,,,,,,,,,,,,,,,,,,,,,,,,,,,,,,,,,,,,,,,,,,,,,,,,,,,,,,,,,,,,,,,,,,,,,,,,,,,,,,,,,,,,,,,,,,,,,,,,,,,,,,,,,,,,,,,,,,,,,,,,,,,,,,,,,,,,,,,,,,,,,,,,,,,,,,,,,,,,,,,,,,,,,,,,,,,,,,,,,,,,,,,,,,,,,,,,,,,,,,,,,,,,,,,,,,,,,,,,,,,,,,,,,,,,,,,,,,,,,,,,,,,,,,,,,,,,,,,,,,,,,,,,,,,,,,,,,,,,,,,,,,,,,,,,,,,,,,,,,,,,,,,,,,,,,,,,,,,,,,,,,,,,,,,,,,,,,,,,,,,,,,,,,,,,,,,,,,,,,,,,,,,,,,,,,,,,,,,4,7.751317977905273,0.000572884629946202,0.3258180618286133,0.7076889872550964,0.0030495389364659786,0.9756603837013245,0.7308778166770935,0.3730282485485077,1.1424107551574707,1.7744197845458984,0.4285714626312256,,,,,,,,,,,,,,,,,,,,,,,,,,,
280,curriculum_train,,,,,,,,,,,,,,,,,,,,,,,,,,,,,,,,,,,,,,,,,,,,,,,,,,,,,,,,,,,,,,,,,,,,,,,,,,,,,,,,,,,,,,,,,,,,,,,,,,,,,,,,,,,,,,,,,,,,,,,,,,,,,,,,,,,,,,,,,,,,,,,,,,,,,,,,,,,,,,,,,,,,,,,,,,,,,,,,,,,,,,,,,,,,,,,,,,,,,,,,,,,,,,,,,,,,,,,,,,,,,,,,,,,,,,,,,,,,,,,,,,,,,,,,,,,,,,,,,,,,,,,,,,,,,,,,,,,,,,,,,,,,,,,,,,,,,,,,,,,,,,,,,,,,,,,,,,,,,,,,,,,,,,,,,,,,,,,,,,,,,,,,,,,,,,,,,,,,,,,,,,,,,,,,,,,,,,,,,,,,,,,,,,,,,,,,,,,,,,,,,,,,,,,,,,,,,,,,,,,,,,,,,,,,,,,,,,,,,,,,,,,,,,,,6,5.600372791290283,0.00028137475601397455,0.2471027821302414,0.48967158794403076,0.019653869792819023,0.7362471222877502,0.5684559345245361,0.09791556000709534,0.9908990859985352,1.352770209312439,0.75,,,,,,,,,,,,,,,,,,,,,,,,,,,
350,curriculum_train,,,,,,,,,,,,,,,,,,,,,,,,,,,,,,,,,,,,,,,,,,,,,,,,,,,,,,,,,,,,,,,,,,,,,,,,,,,,,,,,,,,,,,,,,,,,,,,,,,,,,,,,,,,,,,,,,,,,,,,,,,,,,,,,,,,,,,,,,,,,,,,,,,,,,,,,,,,,,,,,,,,,,,,,,,,,,,,,,,,,,,,,,,,,,,,,,,,,,,,,,,,,,,,,,,,,,,,,,,,,,,,,,,,,,,,,,,,,,,,,,,,,,,,,,,,,,,,,,,,,,,,,,,,,,,,,,,,,,,,,,,,,,,,,,,,,,,,,,,,,,,,,,,,,,,,,,,,,,,,,,,,,,,,,,,,,,,,,,,,,,,,,,,,,,,,,,,,,,,,,,,,,,,,,,,,,,,,,,,,,,,,,,,,,,,,,,,,,,,,,,,,,,,,,,,,,,,,,,,,,,,,,,,,,,,,,,,,,,,,,,,,,,,,,6,5.05759859085083,4.470175190363079e-05,0.4120258688926697,0.3152344226837158,0.0011817726772278547,0.5648207068443298,0.5618718266487122,0.035084787756204605,2.323850393295288,1.422222375869751,1.0,,,,,,,,,,,,,,,,,,,,,,,,,,,
420,curriculum_train,,,,,,,,,,,,,,,,,,,,,,,,,,,,,,,,,,,,,,,,,,,,,,,,,,,,,,,,,,,,,,,,,,,,,,,,,,,,,,,,,,,,,,,,,,,,,,,,,,,,,,,,,,,,,,,,,,,,,,,,,,,,,,,,,,,,,,,,,,,,,,,,,,,,,,,,,,,,,,,,,,,,,,,,,,,,,,,,,,,,,,,,,,,,,,,,,,,,,,,,,,,,,,,,,,,,,,,,,,,,,,,,,,,,,,,,,,,,,,,,,,,,,,,,,,,,,,,,,,,,,,,,,,,,,,,,,,,,,,,,,,,,,,,,,,,,,,,,,,,,,,,,,,,,,,,,,,,,,,,,,,,,,,,,,,,,,,,,,,,,,,,,,,,,,,,,,,,,,,,,,,,,,,,,,,,,,,,,,,,,,,,,,,,,,,,,,,,,,,,,,,,,,,,,,,,,,,,,,,,,,,,,,,,,,,,,,,,,,,,,,,,,,,,,6,5.30267333984375,1.2516864444478415e-05,0.0,0.5104466080665588,0.002164532197639346,0.44909724593162537,0.6159430146217346,0.16663816571235657,0.688802182674408,0.8280873894691467,0.5,,,,,,,,,,,,,,,,,,,,,,,,,,,
490,curriculum_train,,,,,,,,,,,,,,,,,,,,,,,,,,,,,,,,,,,,,,,,,,,,,,,,,,,,,,,,,,,,,,,,,,,,,,,,,,,,,,,,,,,,,,,,,,,,,,,,,,,,,,,,,,,,,,,,,,,,,,,,,,,,,,,,,,,,,,,,,,,,,,,,,,,,,,,,,,,,,,,,,,,,,,,,,,,,,,,,,,,,,,,,,,,,,,,,,,,,,,,,,,,,,,,,,,,,,,,,,,,,,,,,,,,,,,,,,,,,,,,,,,,,,,,,,,,,,,,,,,,,,,,,,,,,,,,,,,,,,,,,,,,,,,,,,,,,,,,,,,,,,,,,,,,,,,,,,,,,,,,,,,,,,,,,,,,,,,,,,,,,,,,,,,,,,,,,,,,,,,,,,,,,,,,,,,,,,,,,,,,,,,,,,,,,,,,,,,,,,,,,,,,,,,,,,,,,,,,,,,,,,,,,,,,,,,,,,,,,,,,,,,,,,,,,6,4.056971549987793,8.940690463532519e-07,0.13958914577960968,0.39676395058631897,0.0006183060468174517,0.32971587777137756,0.39728134870529175,0.14575788378715515,1.012218713760376,1.253229022026062,0.25,,,,,,,,,,,,,,,,,,,,,,,,,,,
560,curriculum_train,,,,,,,,,,,,,,,,,,,,,,,,,,,,,,,,,,,,,,,,,,,,,,,,,,,,,,,,,,,,,,,,,,,,,,,,,,,,,,,,,,,,,,,,,,,,,,,,,,,,,,,,,,,,,,,,,,,,,,,,,,,,,,,,,,,,,,,,,,,,,,,,,,,,,,,,,,,,,,,,,,,,,,,,,,,,,,,,,,,,,,,,,,,,,,,,,,,,,,,,,,,,,,,,,,,,,,,,,,,,,,,,,,,,,,,,,,,,,,,,,,,,,,,,,,,,,,,,,,,,,,,,,,,,,,,,,,,,,,,,,,,,,,,,,,,,,,,,,,,,,,,,,,,,,,,,,,,,,,,,,,,,,,,,,,,,,,,,,,,,,,,,,,,,,,,,,,,,,,,,,,,,,,,,,,,,,,,,,,,,,,,,,,,,,,,,,,,,,,,,,,,,,,,,,,,,,,,,,,,,,,,,,,,,,,,,,,,,,,,,,,,,,,,,6,5.322265148162842,1.311290543526411e-05,0.4276425540447235,0.40302181243896484,0.00023402369697578251,0.6140846014022827,0.5222418904304504,0.05650985985994339,2.2965750694274902,1.2674354314804077,0.8333333730697632,,,,,,,,,,,,,,,,,,,,,,,,,,,
630,curriculum_train,,,,,,,,,,,,,,,,,,,,,,,,,,,,,,,,,,,,,,,,,,,,,,,,,,,,,,,,,,,,,,,,,,,,,,,,,,,,,,,,,,,,,,,,,,,,,,,,,,,,,,,,,,,,,,,,,,,,,,,,,,,,,,,,,,,,,,,,,,,,,,,,,,,,,,,,,,,,,,,,,,,,,,,,,,,,,,,,,,,,,,,,,,,,,,,,,,,,,,,,,,,,,,,,,,,,,,,,,,,,,,,,,,,,,,,,,,,,,,,,,,,,,,,,,,,,,,,,,,,,,,,,,,,,,,,,,,,,,,,,,,,,,,,,,,,,,,,,,,,,,,,,,,,,,,,,,,,,,,,,,,,,,,,,,,,,,,,,,,,,,,,,,,,,,,,,,,,,,,,,,,,,,,,,,,,,,,,,,,,,,,,,,,,,,,,,,,,,,,,,,,,,,,,,,,,,,,,,,,,,,,,,,,,,,,,,,,,,,,,,,,,,,,,,6,7.77546501159668,1.3112916349200532e-05,0.22798185050487518,0.7789731025695801,3.695416307891719e-05,0.41538509726524353,0.8079479932785034,0.19744285941123962,2.4549670219421387,1.9177658557891846,0.6000000238418579,,,,,,,,,,,,,,,,,,,,,,,,,,,
700,curriculum_train,,,,,,,,,,,,,,,,,,,,,,,,,,,,,,,,,,,,,,,,,,,,,,,,,,,,,,,,,,,,,,,,,,,,,,,,,,,,,,,,,,,,,,,,,,,,,,,,,,,,,,,,,,,,,,,,,,,,,,,,,,,,,,,,,,,,,,,,,,,,,,,,,,,,,,,,,,,,,,,,,,,,,,,,,,,,,,,,,,,,,,,,,,,,,,,,,,,,,,,,,,,,,,,,,,,,,,,,,,,,,,,,,,,,,,,,,,,,,,,,,,,,,,,,,,,,,,,,,,,,,,,,,,,,,,,,,,,,,,,,,,,,,,,,,,,,,,,,,,,,,,,,,,,,,,,,,,,,,,,,,,,,,,,,,,,,,,,,,,,,,,,,,,,,,,,,,,,,,,,,,,,,,,,,,,,,,,,,,,,,,,,,,,,,,,,,,,,,,,,,,,,,,,,,,,,,,,,,,,,,,,,,,,,,,,,,,,,,,,,,,,,,,,,,6,8.151240348815918,0.003334293607622385,0.28688162565231323,0.8267711400985718,0.023854179307818413,0.40063798427581787,0.858252227306366,0.3584510087966919,1.2316285371780396,1.6331783533096313,0.5,,,,,,,,,,,,,,,,,,,,,,,,,,,
700,eval,0.1388888888888889,0.5972222222222222,1.0,0.9965277777777778,0.8692129629629629,0.4027777777777778,0.7361111111111112,0.6886574074074074,0.9375,0.8333333333333334,0.9525462962962963,0.9490740740740741,0.9236111111111112,0.4652777777777778,339.0,7.041666666666667,24.0,0.3333333333333333,0.0,0.9166666666666666,24.0,0.4166666666666667,0.20833333333333334,0.875,24.0,0.4583333333333333,0.0,0.9166666666666666,24.0,0.9166666666666666,0.0,1.0,24.0,0.9166666666666666,0.625,1.0,24.0,0.5416666666666666,0.0,0.9166666666666666,0.07291666666666667,0.6822916666666666,1.0,0.9947916666666666,0.8897569444444444,0.5208333333333334,0.7769097222222222,0.7317708333333334,0.9479166666666666,0.8645833333333334,0.9600694444444444,0.9574652777777778,0.9375,0.3802083333333333,339.0,7.65625,32.0,0.5625,0.0,0.96875,32.0,0.625,0.15625,0.875,32.0,0.65625,0.0,0.96875,32.0,0.75,0.0,1.0,32.0,0.875,0.28125,1.0,32.0,0.625,0.0,0.875,0.125,0.6354166666666666,1.0,0.9852430555555556,0.8862847222222222,0.484375,0.7803819444444444,0.7395833333333334,0.9427083333333334,0.84375,0.9600694444444444,0.953125,0.9270833333333334,0.3958333333333333,339.0,7.96875,32.0,0.59375,0.0,0.90625,32.0,0.46875,0.1875,0.9375,32.0,0.1875,0.0,0.875,32.0,1.0,0.0,1.0,32.0,0.84375,0.5625,1.0,32.0,0.71875,0.0,0.9375,0.0859375,0.58984375,1.0,0.9837239583333334,0.86328125,0.44140625,0.734375,0.7096354166666666,0.89453125,0.74609375,0.9251302083333334,0.9231770833333334,0.8828125,0.40234375,339.0,7.765625,44.0,0.4772727272727273,0.0,0.8181818181818182,44.0,0.38636363636363635,0.045454545454545456,0.8409090909090909,42.0,0.5952380952380952,0.0,0.8809523809523809,42.0,0.8095238095238095,0.023809523809523808,1.0,42.0,0.8333333333333334,0.4523809523809524,0.9285714285714286,42.0,0.4523809523809524,0.0,0.9047619047619048,0.6953125,0.4921875,0.6484375,0.6796875,0.90625,0.8515625,0.890625,0.09895833333333333,0.5416666666666666,1.0,0.96875,0.8717447916666666,0.3541666666666667,0.7194010416666666,0.6653645833333334,0.875,0.6822916666666666,0.91796875,0.908203125,0.859375,0.4322916666666667,579.0,7.760416666666667,32.0,0.25,0.0,0.84375,32.0,0.34375,0.09375,0.71875,32.0,0.6875,0.0,1.0,32.0,0.71875,0.0,0.9375,32.0,0.53125,0.5,0.875,32.0,0.71875,0.0,0.875,0.11979166666666667,0.3645833333333333,1.0,0.94140625,0.8118489583333334,0.16666666666666666,0.6490885416666666,0.6067708333333334,0.734375,0.5364583333333334,0.8404947916666666,0.8352864583333334,0.71875,0.4791666666666667,579.0,6.822916666666667,32.0,0.09375,0.0,0.625,32.0,0.15625,0.125,0.65625,32.0,0.03125,0.0625,0.4375,32.0,0.75,0.0,0.96875,32.0,0.59375,0.53125,0.90625,32.0,0.5625,0.0,0.8125,0.09375,0.359375,1.0,0.9354166666666667,0.8140625,0.16145833333333334,0.6651041666666667,0.6104166666666667,0.703125,0.4427083333333333,0.8130208333333333,0.7895833333333333,0.6666666666666666,0.4635416666666667,883.0,4.880208333333333,32.0,0.4375,0.03125,0.6875,32.0,0.15625,0.0625,0.5,32.0,0.25,0.0,0.78125,32.0,0.4375,0.0,0.6875,32.0,0.5,0.4375,0.75,32.0,0.375,0.03125,0.8125,0.10416666666666667,0.203125,1.0,0.8598958333333333,0.7333333333333333,0.057291666666666664,0.5479166666666667,0.5052083333333334,0.4114583333333333,0.203125,0.6583333333333333,0.6375,0.3697916666666667,0.2708333333333333,883.0,4.697916666666667,32.0,0.09375,0.03125,0.28125,32.0,0.09375,0.125,0.40625,32.0,0.0,0.0625,0.03125,32.0,0.4375,0.0,0.71875,32.0,0.34375,0.40625,0.5,32.0,0.25,0.0,0.53125,0.03125,0.4375,1.0,1.0,0.875,0.4375,0.6510416666666666,0.6510416666666666,0.9375,0.9375,0.9427083333333334,0.9427083333333334,0.9375,0.5,339.0,1.15625,32.0,0.4375,0.03125,0.9375,0.125,0.40625,1.0,0.984375,0.84375,0.34375,0.703125,0.6875,1.0,0.71875,0.9739583333333334,0.96875,0.96875,0.625,339.0,5.6875,32.0,0.40625,0.125,1.0,0.0,0.46875,1.0,0.9791666666666666,0.8802083333333334,0.46875,0.6822916666666666,0.6822916666666666,0.90625,0.90625,0.921875,0.921875,0.90625,0.4375,339.0,1.375,32.0,0.46875,0.0,0.90625,0.0,0.84375,1.0,0.9947916666666666,0.890625,0.46875,0.9010416666666666,0.828125,0.96875,0.5625,0.9791666666666666,0.953125,0.90625,0.21875,339.0,20.84375,32.0,0.84375,0.0,0.96875,0.46875,0.9375,1.0,0.9947916666666666,0.8854166666666666,0.4375,0.7604166666666666,0.6822916666666666,1.0,0.875,0.96875,0.953125,0.90625,0.4375,339.0,4.0,32.0,0.9375,0.46875,1.0,0.0,0.75,1.0,1.0,0.8541666666666666,0.375,0.7708333333333334,0.6822916666666666,0.9375,0.625,0.9322916666666666,0.9270833333333334,0.90625,0.34375,339.0,16.40625,32.0,0.75,0.0,0.9375,,,,,,,,,,,,,,,,,,,,,,,,,,,,,,,,,,,,,,,
700,onpolicy_targets,,,,,,,,,,,,,,,,,,,,,,,,,,,,,,,,,,,,,,,,,,,,,,,,,,,,,,,,,,,,,,,,,,,,,,,,,,,,,,,,,,,,,,,,,,,,,,,,,,,,,,,,,,,,,,,,,,,,,,,,,,,,,,,,,,,,,,,,,,,,,,,,,,,,,,,,,,,,,,,,,,,,,,,,,,,,,,,,,,,,,,,,,,,,,,,,,,,,,,,,,,,,,,,,,,,,,,,,,,,,,,,,,,,,,,,,,,,,,,,,,,,,,,,,,,,,,,,,,,,,,,,,,,,,,,,,,,,,,,,,,,,,,,,,,,,,,,,,,,,,,,,,,,,,,,,,,,,,,,,,,,,,,,,,,,,,,,,,,,,,,,,,,,,,,,,,,,,,,,,,,,,,,,,,,,,,,,,,,,,,,,,,,,,,,,,,,,,,,,,,,,,,,,,,,,,,,,,,,,,,,,,,,,,,,,,,,,,,,,,,,,,,,,,,,,,,,,,,,,,,1,0,512.0,1.0,0.99609375,0.173828125,0.96484375,152.59375,6.048828125,510.0,0.0,2.0,0.0,0.0,,,,,,,,,,,,,
701,onpolicy_train,0.1388888888888889,0.5833333333333334,1.0,0.9930555555555556,0.8726851851851852,0.4166666666666667,0.7476851851851852,0.7083333333333334,0.9513888888888888,0.8333333333333334,0.9594907407407407,0.9548611111111112,0.9305555555555556,0.4652777777777778,339.0,7.048611111111111,24.0,0.4166666666666667,0.0,0.9583333333333334,24.0,0.375,0.20833333333333334,0.875,24.0,0.375,0.0,0.9166666666666666,24.0,0.8333333333333334,0.0,1.0,24.0,0.9583333333333334,0.625,1.0,24.0,0.5416666666666666,0.0,0.9583333333333334,0.07291666666666667,0.7291666666666666,1.0,0.9947916666666666,0.9053819444444444,0.5677083333333334,0.8090277777777778,0.7630208333333334,0.9635416666666666,0.875,0.9704861111111112,0.9670138888888888,0.9479166666666666,0.34375,339.0,7.682291666666667,32.0,0.65625,0.0,0.96875,32.0,0.6875,0.15625,0.90625,32.0,0.78125,0.0,1.0,32.0,0.71875,0.0,1.0,32.0,0.875,0.28125,1.0,32.0,0.65625,0.0,0.90625,0.125,0.6197916666666666,1.0,0.9730902777777778,0.8758680555555556,0.46875,0.7855902777777778,0.7447916666666666,0.9166666666666666,0.8072916666666666,0.9461805555555556,0.9392361111111112,0.9010416666666666,0.3854166666666667,339.0,7.916666666666667,32.0,0.53125,0.0,0.9375,32.0,0.4375,0.1875,0.96875,32.0,0.1875,0.0,0.625,32.0,0.90625,0.0,1.0,32.0,0.875,0.5625,1.0,32.0,0.78125,0.0,0.96875,0.0859375,0.609375,1.0,0.982421875,0.8626302083333334,0.4453125,0.75390625,0.7278645833333334,0.890625,0.734375,0.9231770833333334,0.921875,0.8828125,0.390625,339.0,7.84765625,44.0,0.4090909090909091,0.0,0.7954545454545454,44.0,0.45454545454545453,0.045454545454545456,0.8636363636363636,42.0,0.6190476190476191,0.0,0.8571428571428571,42.0,0.8095238095238095,0.023809523809523808,1.0,42.0,0.8571428571428571,0.4523809523809524,0.9523809523809523,42.0,0.5238095238095238,0.0,0.8809523809523809,0.6796875,0.4921875,0.6015625,0.640625,0.8828125,0.8359375,0.8671875,0.09895833333333333,0.53125,1.0,0.9635416666666666,0.861328125,0.3229166666666667,0.7278645833333334,0.6751302083333334,0.8541666666666666,0.640625,0.916015625,0.8990885416666666,0.8385416666666666,0.4375,579.0,7.171875,32.0,0.34375,0.0,0.8125,32.0,0.46875,0.09375,0.75,32.0,0.65625,0.0,1.0,32.0,0.53125,0.0,0.84375,32.0,0.53125,0.5,0.875,32.0,0.65625,0.0,0.84375,0.11979166666666667,0.2760416666666667,1.0,0.896484375,0.7643229166666666,0.08333333333333333,0.6484375,0.60546875,0.640625,0.3958333333333333,0.8033854166666666,0.7903645833333334,0.6145833333333334,0.46875,579.0,5.052083333333333,32.0,0.0625,0.0,0.3125,32.0,0.25,0.125,0.71875,32.0,0.0,0.0625,0.15625,32.0,0.40625,0.0,0.90625,32.0,0.59375,0.53125,0.96875,32.0,0.34375,0.0,0.78125,0.09375,0.3177083333333333,1.0,0.9119791666666667,0.7921875,0.11458333333333333,0.6630208333333333,0.6067708333333334,0.65625,0.3958333333333333,0.7994791666666666,0.7697916666666667,0.6041666666666666,0.4635416666666667,883.0,2.7291666666666665,32.0,0.34375,0.03125,0.71875,32.0,0.1875,0.0625,0.5625,32.0,0.21875,0.0,0.6875,32.0,0.40625,0.0,0.5625,32.0,0.46875,0.4375,0.71875,32.0,0.28125,0.03125,0.6875,0.10416666666666667,0.16666666666666666,1.0,0.8109375,0.6661458333333333,0.020833333333333332,0.5411458333333333,0.49947916666666664,0.3385416666666667,0.109375,0.621875,0.5932291666666667,0.2604166666666667,0.22395833333333334,883.0,2.0885416666666665,32.0,0.0625,0.03125,0.125,32.0,0.125,0.125,0.4375,32.0,0.0,0.0625,0.0,32.0,0.46875,0.0,0.59375,32.0,0.3125,0.40625,0.46875,32.0,0.03125,0.0,0.40625,0.03125,0.34375,1.0,0.9895833333333334,0.8541666666666666,0.34375,0.625,0.625,0.90625,0.90625,0.9114583333333334,0.9114583333333334,0.90625,0.5625,339.0,1.125,32.0,0.34375,0.03125,0.90625,0.125,0.46875,1.0,0.984375,0.875,0.375,0.734375,0.7239583333333334,1.0,0.75,1.0,1.0,1.0,0.5625,339.0,6.4375,32.0,0.46875,0.125,1.0,0.0,0.375,1.0,0.953125,0.828125,0.375,0.6666666666666666,0.6666666666666666,0.84375,0.84375,0.890625,0.890625,0.84375,0.46875,339.0,1.125,32.0,0.375,0.0,0.84375,0.0,0.8125,1.0,0.9947916666666666,0.8802083333333334,0.46875,0.8958333333333334,0.828125,0.9375,0.53125,0.9739583333333334,0.953125,0.90625,0.21875,339.0,20.59375,32.0,0.8125,0.0,0.9375,0.46875,0.9375,1.0,0.9947916666666666,0.9010416666666666,0.53125,0.7916666666666666,0.7291666666666666,1.0,0.9375,0.9895833333333334,0.984375,0.96875,0.40625,339.0,4.40625,32.0,0.9375,0.46875,1.0,0.0,0.71875,1.0,1.0,0.8697916666666666,0.4375,0.7864583333333334,0.7135416666666666,0.9375,0.625,0.9322916666666666,0.9270833333333334,0.90625,0.3125,339.0,16.4375,32.0,0.71875,0.0,0.9375,,5.2774255866825115,,,,,,,,1.4009835231119356,1.2071302521897689,0.8023675761651248,1,1,512.0,1.0,0.99609375,0.173828125,0.96484375,152.59375,6.048828125,510.0,0.0,2.0,0.0,0.0,256,0.0007906118465570988,0.24478385188558605,0.4185041031449639,1.9742906393166217,0.0007906118465570988,0.24377704177459236,0.43183778686202845,2.4820910443377215,0.0026443893772807314,0.46670429320511175,0.4794957007316043,0.09475957303402538
